DateTime,Amount,Region,DeviceType,IsAbroad,TxCountLastHour,IsNight,Fraud
2025-03-05 19:10,227.1,RU,Tablet,1,7,0,0
2025-03-28 03:59,684.4,CN,Mobile,0,4,1,0
2025-03-28 18:27,4827.27,CN,Tablet,0,8,0,0
2025-03-31 03:42,1196.37,US,Desktop,1,3,1,1
2025-03-25 18:51,1170.97,US,Desktop,1,2,0,1
2025-03-27 01:33,3344.17,CN,Tablet,1,6,1,1
2025-03-27 06:30,1672.59,CN,Mobile,0,2,0,0
2025-02-23 08:34,2472.13,RU,Mobile,1,1,0,0
2025-01-07 13:07,381.99,CN,Desktop,1,9,0,0
2025-01-08 07:14,4261.51,CN,Tablet,0,6,0,1
2025-03-17 01:27,3590.98,IN,Desktop,0,7,1,1
2025-01-19 21:14,4429.92,DE,Mobile,1,6,0,1
2025-03-25 12:43,3863.95,RU,Mobile,1,1,0,1
2025-03-20 17:47,3681.94,RU,Desktop,0,6,0,0
2025-03-27 20:02,2050.42,CN,Mobile,0,10,0,0
2025-01-14 21:28,472.48,IN,Desktop,1,6,0,0
2025-01-05 00:44,4215.65,CN,Desktop,0,2,1,1
2025-01-17 03:06,2973.65,IN,Desktop,0,9,1,0
2025-01-05 22:08,4829.25,RU,Tablet,1,7,0,1
2025-03-18 22:03,456.26,DE,Tablet,0,9,0,0
2025-02-15 15:41,4106.99,CN,Desktop,1,4,0,0
2025-03-14 09:08,1931.06,DE,Desktop,0,1,0,0
2025-01-09 18:11,3652.74,DE,Mobile,0,5,0,1
2025-03-03 17:21,771.87,CN,Tablet,1,8,0,1
2025-01-22 02:29,4520.99,RU,Desktop,1,4,1,1
2025-01-22 05:08,1805.75,US,Mobile,0,8,1,0
2025-02-15 21:32,3744.46,CN,Tablet,1,5,0,0
2025-01-03 08:21,2399.54,IN,Mobile,0,6,0,0
2025-02-18 04:35,2901.3,US,Mobile,0,9,1,0
2025-03-13 12:34,3945.51,RU,Tablet,1,4,0,0
2025-01-28 17:23,3212.9,CN,Desktop,1,7,0,0
2025-02-24 22:38,2581.3,RU,Tablet,0,8,0,0
2025-03-18 00:37,1271.74,CN,Mobile,1,5,1,0
2025-01-03 11:38,4392.03,US,Mobile,1,9,0,0
2025-03-24 19:27,3234.12,CN,Mobile,0,10,0,0
2025-01-15 09:00,3253.44,RU,Mobile,1,3,0,0
2025-01-07 01:15,1164.49,RU,Tablet,1,10,1,0
2025-01-18 08:41,2231.87,RU,Mobile,1,3,0,0
2025-03-24 13:12,2019.64,RU,Desktop,0,10,0,0
2025-03-11 09:44,2287.54,CN,Mobile,0,9,0,0
2025-01-05 15:39,929.77,US,Mobile,0,4,0,0
2025-03-22 18:01,2709.64,DE,Mobile,0,4,0,0
2025-02-05 18:45,255.06,RU,Mobile,0,1,0,0
2025-03-29 19:02,4976.01,RU,Tablet,0,9,0,0
2025-02-05 23:48,2394.15,IN,Tablet,0,10,1,0
2025-02-07 10:32,1954.19,RU,Mobile,0,2,0,0
2025-02-20 15:34,1702.52,RU,Desktop,1,4,0,0
2025-01-04 15:48,3703.19,US,Mobile,1,9,0,0
2025-01-17 17:36,229.8,RU,Desktop,0,2,0,0
2025-03-28 01:54,2093.92,US,Mobile,1,4,1,1
2025-01-06 12:46,1963.0,RU,Tablet,0,6,0,0
2025-03-11 00:51,1512.82,US,Tablet,0,4,1,0
2025-02-05 13:43,4507.08,CN,Tablet,0,6,0,0
2025-02-05 01:14,4426.87,IN,Desktop,1,8,1,0
2025-03-23 03:58,1847.67,CN,Tablet,1,10,1,0
2025-01-08 13:41,2416.05,DE,Desktop,0,6,0,0
2025-01-01 05:08,3957.2,CN,Mobile,0,7,1,0
2025-03-04 22:21,166.03,DE,Desktop,0,9,0,0
2025-01-18 07:30,1315.61,RU,Mobile,0,3,0,0
2025-01-03 08:02,2224.54,IN,Mobile,0,2,0,0
2025-01-26 23:37,2247.85,RU,Mobile,1,9,1,1
2025-02-20 16:46,4388.72,DE,Desktop,1,6,0,1
2025-03-22 20:18,90.76,DE,Desktop,1,3,0,0
2025-01-11 02:24,674.31,DE,Mobile,1,1,1,0
2025-02-24 14:44,1751.04,DE,Desktop,0,1,0,0
2025-02-28 21:11,1422.23,IN,Tablet,1,6,0,0
2025-01-07 11:16,3112.95,RU,Mobile,1,3,0,0
2025-03-18 13:20,2438.51,RU,Desktop,1,7,0,1
2025-01-31 06:29,4487.87,DE,Mobile,0,9,0,0
2025-01-05 21:32,4252.65,CN,Desktop,0,6,0,1
2025-01-30 06:31,1191.07,IN,Tablet,1,1,0,1
2025-03-13 18:09,1693.76,US,Mobile,1,5,0,0
2025-03-14 00:31,3374.33,IN,Mobile,0,10,1,0
2025-02-09 19:21,554.95,RU,Tablet,0,2,0,0
2025-02-10 22:57,1289.1,RU,Tablet,1,6,0,0
2025-02-19 23:52,4692.83,US,Desktop,1,4,1,1
2025-01-29 20:24,3628.84,CN,Mobile,0,1,0,0
2025-03-05 09:58,3750.27,DE,Tablet,1,2,0,0
2025-02-15 03:47,2916.58,US,Mobile,1,2,1,1
2025-01-26 23:13,3807.28,RU,Desktop,1,4,1,1
2025-02-12 05:09,874.41,RU,Desktop,1,5,1,1
2025-02-02 19:37,3462.93,RU,Tablet,1,3,0,1
2025-01-10 12:04,2442.68,IN,Desktop,1,2,0,0
2025-03-28 21:37,4723.2,DE,Mobile,0,8,0,0
2025-01-09 15:53,1837.35,DE,Desktop,0,4,0,0
2025-01-14 14:19,1290.15,CN,Desktop,1,2,0,0
2025-01-29 04:40,2732.41,RU,Mobile,0,3,1,0
2025-03-03 17:56,170.41,RU,Desktop,1,2,0,0
2025-01-29 17:41,1162.95,US,Mobile,0,8,0,0
2025-02-04 01:39,2482.59,DE,Desktop,1,3,1,0
2025-03-04 04:00,4634.28,IN,Tablet,0,8,1,0
2025-03-06 23:01,2140.19,IN,Mobile,0,4,1,0
2025-01-14 12:37,1501.11,US,Mobile,0,2,0,0
2025-01-03 23:48,3940.84,RU,Mobile,0,5,1,0
2025-02-16 22:46,4701.44,RU,Mobile,0,8,0,0
2025-02-25 01:47,2633.47,US,Mobile,0,9,1,0
2025-03-02 04:21,1192.05,RU,Tablet,1,9,1,0
2025-03-29 14:10,1168.97,US,Tablet,0,8,0,0
2025-01-29 13:50,2142.85,RU,Tablet,1,2,0,0
2025-01-18 09:21,4762.3,RU,Tablet,1,6,0,0
2025-03-03 15:26,4024.31,DE,Tablet,0,2,0,0
2025-02-06 02:49,1907.45,DE,Mobile,1,7,1,1
2025-03-10 13:16,393.32,DE,Mobile,1,9,0,1
2025-03-30 14:57,1826.21,CN,Mobile,1,2,0,1
2025-02-20 19:12,3381.76,US,Tablet,0,3,0,0
2025-01-04 04:26,1189.48,IN,Mobile,1,6,1,0
2025-01-24 20:26,2030.9,RU,Tablet,1,2,0,0
2025-01-12 03:08,1372.25,RU,Tablet,0,3,1,0
2025-01-23 07:25,3552.83,IN,Mobile,1,7,0,1
2025-03-01 23:18,3017.58,CN,Desktop,0,3,1,1
2025-01-05 02:23,1355.32,DE,Desktop,1,8,1,0
2025-02-19 16:08,4648.5,DE,Desktop,1,10,0,1
2025-01-03 03:17,4958.3,US,Tablet,1,6,1,0
2025-03-27 04:32,2594.59,IN,Mobile,1,4,1,1
2025-01-16 17:03,3110.72,US,Mobile,0,10,0,0
2025-02-16 04:30,2119.69,RU,Tablet,0,8,1,1
2025-02-25 20:01,1327.91,DE,Mobile,1,7,0,0
2025-03-29 12:21,3895.16,RU,Desktop,0,5,0,1
2025-01-08 23:38,4794.61,IN,Tablet,1,2,1,1
2025-02-18 02:25,2815.45,IN,Mobile,1,6,1,1
2025-02-25 10:52,4517.14,DE,Tablet,0,4,0,0
2025-03-30 02:40,4488.56,IN,Desktop,0,10,1,1
2025-03-28 18:57,4590.24,RU,Tablet,0,1,0,0
2025-02-10 04:59,4988.46,IN,Tablet,1,7,1,0
2025-01-27 00:31,4589.95,US,Tablet,1,4,1,1
2025-02-10 11:33,1939.0,IN,Tablet,1,4,0,0
2025-01-11 02:06,2291.87,US,Tablet,1,3,1,1
2025-01-31 13:52,870.16,DE,Desktop,0,2,0,1
2025-02-19 11:31,4434.66,CN,Mobile,0,10,0,1
2025-02-04 07:54,4079.39,IN,Mobile,0,2,0,1
2025-03-06 08:53,3999.82,RU,Desktop,0,4,0,0
2025-01-13 10:10,764.44,US,Tablet,0,5,0,0
2025-03-16 02:19,560.57,DE,Tablet,0,9,1,1
2025-03-26 03:31,2335.85,US,Mobile,0,1,1,1
2025-03-19 20:23,160.42,IN,Tablet,0,7,0,0
2025-03-06 09:22,4048.75,US,Mobile,0,1,0,0
2025-01-05 04:57,4518.35,RU,Mobile,0,5,1,1
2025-03-30 03:43,172.26,CN,Tablet,1,7,1,1
2025-02-19 19:06,3591.7,DE,Desktop,1,2,0,0
2025-03-17 06:08,1473.22,CN,Desktop,0,10,0,0
2025-03-05 08:39,3278.97,IN,Desktop,1,4,0,1
2025-02-05 08:49,479.33,DE,Mobile,0,6,0,0
2025-01-24 23:19,301.46,IN,Desktop,1,4,1,0
2025-02-23 04:21,2325.92,DE,Tablet,1,9,1,1
2025-01-08 12:13,1992.62,RU,Tablet,1,4,0,1
2025-03-20 12:19,1834.55,DE,Tablet,0,9,0,0
2025-02-10 12:49,4132.56,DE,Mobile,1,8,0,1
2025-02-20 11:33,4173.27,CN,Desktop,0,8,0,1
2025-03-06 07:32,3985.83,US,Tablet,1,8,0,1
2025-03-09 22:40,2972.63,US,Tablet,1,10,0,0
2025-01-13 21:31,2523.82,IN,Mobile,1,3,0,0
2025-01-27 03:43,4617.83,CN,Mobile,1,7,1,1
2025-03-16 06:21,157.08,US,Mobile,0,6,0,0
2025-02-15 10:53,3059.81,IN,Mobile,1,10,0,1
2025-01-14 10:49,2338.27,US,Tablet,1,9,0,0
2025-01-08 00:22,1799.71,DE,Desktop,0,9,1,0
2025-03-06 19:57,2779.16,DE,Desktop,0,7,0,0
2025-01-13 02:20,2626.23,IN,Mobile,0,6,1,0
2025-01-20 08:04,1360.73,RU,Tablet,1,6,0,0
2025-01-11 23:01,3001.4,IN,Mobile,0,7,1,0
2025-01-30 11:01,586.31,IN,Tablet,0,9,0,0
2025-03-27 12:23,1018.4,RU,Mobile,0,5,0,0
2025-02-07 22:24,4933.85,US,Tablet,0,7,0,1
2025-03-14 13:49,3103.94,RU,Mobile,0,4,0,0
2025-02-25 02:57,4859.13,CN,Tablet,1,7,1,0
2025-03-10 05:25,1531.63,DE,Tablet,0,8,1,0
2025-01-31 01:16,522.06,RU,Tablet,1,6,1,1
2025-03-02 10:59,731.86,RU,Tablet,0,7,0,0
2025-01-11 02:26,1508.45,DE,Desktop,1,3,1,0
2025-03-15 15:23,248.55,CN,Mobile,1,9,0,1
2025-02-09 18:47,3817.56,CN,Tablet,0,5,0,1
2025-03-18 22:23,1356.41,DE,Tablet,0,9,0,0
2025-03-31 05:25,532.06,CN,Tablet,1,1,1,1
2025-02-14 22:28,3324.16,DE,Mobile,1,3,0,0
2025-02-12 09:04,2110.42,CN,Mobile,1,6,0,0
2025-02-22 03:47,1195.7,RU,Mobile,0,1,1,1
2025-01-22 12:12,1059.1,RU,Mobile,1,5,0,0
2025-03-28 08:35,667.83,US,Tablet,0,5,0,0
2025-01-23 14:19,4118.6,CN,Tablet,1,6,0,0
2025-01-09 03:21,1533.29,DE,Tablet,0,10,1,1
2025-01-22 10:58,1960.54,IN,Tablet,1,10,0,0
2025-01-22 14:30,1716.3,US,Desktop,1,1,0,0
2025-02-28 06:57,1936.68,IN,Desktop,0,3,0,0
2025-03-29 04:21,712.92,IN,Desktop,1,1,1,0
2025-01-22 20:53,2609.28,DE,Tablet,0,3,0,0
2025-01-20 03:18,1922.59,CN,Tablet,1,3,1,0
2025-01-31 14:33,4602.35,US,Tablet,1,10,0,1
2025-03-21 02:14,1945.93,IN,Desktop,0,6,1,0
2025-01-01 23:46,1131.77,IN,Desktop,0,6,1,0
2025-01-10 17:10,3220.13,CN,Desktop,0,10,0,0
2025-02-06 22:28,2051.44,DE,Mobile,0,4,0,0
2025-01-30 19:34,1124.03,DE,Tablet,1,7,0,0
2025-03-22 15:09,3292.24,RU,Tablet,1,9,0,1
2025-03-13 19:27,4253.83,US,Mobile,0,7,0,0
2025-03-27 06:26,4435.54,IN,Desktop,0,5,0,0
2025-01-20 06:47,3586.99,CN,Mobile,0,1,0,0
2025-01-25 01:22,1440.0,IN,Desktop,1,5,1,0
2025-01-05 16:08,4356.35,US,Mobile,0,10,0,1
2025-03-19 23:30,4734.79,DE,Desktop,0,6,1,0
2025-03-15 06:12,1381.41,RU,Desktop,0,5,0,0
2025-03-17 09:52,2677.72,US,Desktop,1,4,0,0
2025-02-21 06:15,2803.51,CN,Desktop,0,2,0,0
2025-01-30 18:53,2000.44,IN,Tablet,1,5,0,0
2025-02-22 17:31,332.11,CN,Mobile,0,9,0,0
2025-01-31 21:53,3081.07,CN,Mobile,0,6,0,1
2025-02-03 13:06,3880.2,CN,Desktop,1,9,0,0
2025-01-01 14:58,3932.84,US,Desktop,0,6,0,0
2025-03-02 20:59,4902.03,US,Desktop,1,4,0,0
2025-01-17 14:06,932.17,IN,Desktop,1,5,0,0
2025-01-16 19:50,2483.07,US,Mobile,0,5,0,0
2025-01-18 21:32,210.89,RU,Mobile,0,3,0,0
2025-01-16 10:12,1981.85,US,Desktop,1,2,0,1
2025-02-19 05:02,647.34,US,Mobile,1,2,1,0
2025-01-26 16:52,2483.31,DE,Tablet,0,3,0,1
2025-01-24 04:59,246.89,CN,Mobile,0,4,1,1
2025-01-17 13:46,4424.68,CN,Tablet,1,6,0,1
2025-01-31 23:08,3240.12,US,Mobile,0,1,1,0
2025-01-07 00:43,348.48,DE,Mobile,1,3,1,0
2025-03-07 03:31,4953.44,DE,Tablet,0,2,1,0
2025-01-26 06:45,2804.04,RU,Desktop,1,5,0,0
2025-02-22 14:46,1621.84,US,Desktop,0,7,0,0
2025-02-15 03:54,2837.8,RU,Mobile,1,8,1,1
2025-01-28 14:51,844.1,IN,Tablet,1,8,0,0
2025-02-18 10:45,367.89,RU,Desktop,1,9,0,1
2025-03-30 17:57,4811.74,CN,Mobile,1,9,0,0
2025-01-11 00:49,1440.16,CN,Mobile,0,3,1,0
2025-02-08 15:17,3703.16,RU,Desktop,0,10,0,0
2025-01-05 21:59,4860.56,RU,Tablet,1,2,0,0
2025-02-15 09:28,2913.66,US,Mobile,0,7,0,0
2025-01-02 05:57,1218.27,IN,Desktop,0,8,1,0
2025-03-07 13:35,2478.32,IN,Desktop,1,3,0,0
2025-03-25 03:22,1177.65,DE,Desktop,1,1,1,1
2025-02-22 12:07,353.23,DE,Desktop,0,7,0,0
2025-02-25 01:30,1994.54,IN,Mobile,0,2,1,0
2025-02-06 23:47,1089.97,CN,Desktop,0,9,1,0
2025-02-22 02:54,409.49,RU,Tablet,1,8,1,1
2025-01-12 10:24,327.38,DE,Desktop,0,1,0,0
2025-02-07 12:21,2927.09,US,Desktop,0,9,0,1
2025-02-02 01:36,4918.26,RU,Mobile,0,7,1,0
2025-02-06 13:05,2965.66,DE,Mobile,0,10,0,0
2025-03-04 00:35,2935.0,US,Tablet,0,7,1,0
2025-02-04 21:14,1435.82,CN,Mobile,0,5,0,0
2025-01-31 06:51,4466.35,US,Tablet,0,7,0,1
2025-02-12 18:24,536.09,DE,Desktop,1,4,0,0
2025-02-12 05:35,245.43,DE,Tablet,0,4,1,0
2025-02-07 15:58,2545.19,CN,Tablet,1,5,0,0
2025-03-26 20:53,422.42,US,Desktop,1,8,0,0
2025-02-25 12:51,4043.63,RU,Tablet,0,8,0,0
2025-03-14 05:54,4455.38,US,Desktop,0,5,1,1
2025-03-25 21:21,2403.09,RU,Desktop,1,2,0,0
2025-01-06 09:05,4190.21,CN,Tablet,1,10,0,1
2025-03-30 00:58,2372.81,DE,Desktop,0,3,1,0
2025-02-14 18:55,545.01,DE,Tablet,0,2,0,0
2025-03-28 00:38,99.74,IN,Desktop,1,10,1,0
2025-03-03 20:22,552.8,IN,Mobile,0,2,0,0
2025-02-12 08:49,3482.22,DE,Mobile,1,10,0,0
2025-03-19 00:10,142.92,US,Desktop,1,7,1,0
2025-02-11 18:58,4792.49,US,Tablet,1,6,0,1
2025-03-16 23:19,4207.55,DE,Desktop,0,1,1,1
2025-01-09 14:50,2594.8,IN,Tablet,1,10,0,0
2025-03-29 17:46,3920.75,RU,Mobile,0,1,0,0
2025-01-17 09:04,734.96,CN,Mobile,0,9,0,0
2025-01-21 07:08,637.5,RU,Tablet,0,5,0,0
2025-01-10 12:48,996.9,CN,Tablet,0,5,0,0
2025-02-17 09:15,655.82,US,Tablet,0,2,0,0
2025-03-21 11:52,3720.6,IN,Tablet,1,3,0,0
2025-01-02 01:58,4219.11,CN,Tablet,0,3,1,1
2025-03-20 00:41,2321.51,DE,Desktop,0,3,1,1
2025-02-02 19:59,2444.3,CN,Tablet,1,5,0,0
2025-01-12 15:10,692.05,RU,Mobile,1,8,0,1
2025-03-01 16:33,4918.61,RU,Tablet,0,5,0,1
2025-01-17 05:20,2076.31,DE,Desktop,1,7,1,0
2025-01-15 12:08,2951.06,US,Desktop,0,2,0,0
2025-02-12 06:34,1783.27,RU,Mobile,0,9,0,1
2025-03-28 14:52,57.64,CN,Desktop,0,10,0,0
2025-02-15 21:07,3484.99,IN,Desktop,1,1,0,0
2025-03-20 00:03,151.86,RU,Tablet,1,1,1,1
2025-02-06 18:47,2229.57,IN,Tablet,0,2,0,0
2025-01-01 04:52,1760.49,DE,Desktop,0,4,1,0
2025-01-29 01:33,1925.95,DE,Tablet,1,1,1,0
2025-01-17 00:30,247.44,IN,Tablet,1,7,1,1
2025-02-19 12:28,2248.07,IN,Desktop,0,2,0,0
2025-01-10 10:25,3062.76,DE,Tablet,0,1,0,0
2025-03-21 01:53,4970.3,CN,Mobile,1,9,1,0
2025-01-30 19:19,4923.45,US,Tablet,0,3,0,0
2025-01-16 21:52,3569.32,DE,Mobile,1,8,0,0
2025-01-14 16:13,3289.41,CN,Mobile,1,8,0,0
2025-03-14 03:56,1125.91,RU,Desktop,1,4,1,1
2025-02-07 04:55,2139.63,US,Desktop,1,9,1,0
2025-01-23 19:00,2131.52,IN,Desktop,1,5,0,1
2025-03-12 12:48,1695.97,IN,Desktop,0,9,0,1
2025-01-14 06:10,4319.9,US,Desktop,0,1,0,1
2025-03-28 19:45,12.49,US,Desktop,0,5,0,0
2025-01-22 00:14,3796.1,DE,Mobile,1,3,1,1
2025-01-05 19:15,2197.89,DE,Mobile,1,4,0,1
2025-01-13 08:46,530.5,DE,Mobile,0,10,0,0
2025-02-26 20:52,3690.69,US,Mobile,1,1,0,1
2025-01-16 20:26,2897.79,IN,Tablet,0,2,0,0
2025-03-25 13:20,1669.95,RU,Tablet,1,2,0,1
2025-03-08 00:37,3928.98,US,Tablet,0,8,1,0
2025-03-12 20:00,2536.06,DE,Tablet,0,1,0,0
2025-01-14 12:11,2995.92,DE,Mobile,0,5,0,0
2025-03-09 13:03,4222.99,IN,Tablet,0,9,0,0
2025-03-13 14:40,1338.15,RU,Mobile,0,1,0,0
2025-02-10 23:18,2963.19,IN,Mobile,1,1,1,0
2025-01-21 03:27,412.55,DE,Mobile,0,10,1,0
2025-01-09 06:06,1041.4,CN,Desktop,1,4,0,0
2025-01-24 16:06,2681.79,RU,Desktop,1,4,0,1
2025-02-10 13:58,1168.51,US,Mobile,1,2,0,0
2025-01-30 15:46,2430.85,DE,Tablet,1,9,0,0
2025-03-25 03:15,470.04,CN,Desktop,0,8,1,0
2025-03-15 17:05,1673.62,RU,Mobile,1,4,0,1
2025-03-24 07:39,3440.57,DE,Mobile,0,4,0,1
2025-02-14 09:49,1752.45,US,Desktop,0,4,0,1
2025-02-24 04:15,1928.69,US,Mobile,0,7,1,0
2025-02-07 04:10,31.18,IN,Desktop,0,2,1,0
2025-01-26 20:48,332.26,DE,Desktop,0,4,0,0
2025-02-04 06:12,1611.3,DE,Mobile,1,3,0,1
2025-01-25 10:45,2916.77,US,Mobile,0,9,0,0
2025-01-19 06:38,4806.39,DE,Tablet,0,2,0,0
2025-01-11 23:33,3774.86,RU,Mobile,1,9,1,1
2025-02-05 07:40,1200.14,RU,Desktop,0,2,0,0
2025-03-08 01:21,4661.07,IN,Tablet,0,5,1,1
2025-03-09 11:45,2099.3,US,Tablet,1,7,0,0
2025-03-20 03:46,253.87,IN,Desktop,1,2,1,0
2025-03-02 13:39,1977.85,IN,Mobile,0,2,0,0
2025-02-18 17:10,1068.18,RU,Tablet,1,2,0,0
2025-01-24 02:13,3107.71,CN,Mobile,1,1,1,1
2025-03-13 08:22,2930.86,US,Desktop,1,5,0,0
2025-03-18 19:14,2202.38,CN,Tablet,0,2,0,1
2025-02-26 12:08,2035.2,IN,Tablet,0,3,0,0
2025-03-02 01:07,2631.37,US,Tablet,0,5,1,0
2025-01-22 23:51,226.84,CN,Mobile,0,2,1,0
2025-03-03 04:56,3197.06,IN,Desktop,0,5,1,0
2025-03-22 07:33,242.78,US,Mobile,0,8,0,0
2025-02-07 02:17,1716.4,US,Mobile,0,3,1,1
2025-01-07 09:07,3609.22,IN,Mobile,0,6,0,0
2025-01-30 18:27,2053.73,CN,Tablet,0,4,0,0
2025-03-18 11:40,2145.03,RU,Desktop,0,1,0,0
2025-01-02 04:20,1819.85,CN,Tablet,1,7,1,0
2025-02-25 01:02,3685.43,DE,Tablet,0,1,1,1
2025-01-23 17:30,583.25,US,Tablet,1,9,0,0
2025-02-06 20:58,1327.56,IN,Tablet,0,8,0,0
2025-01-10 23:15,3719.32,DE,Mobile,0,9,1,1
2025-02-05 08:09,3113.14,RU,Mobile,1,10,0,1
2025-02-02 02:24,4801.27,IN,Mobile,1,8,1,1
2025-01-03 09:16,518.92,RU,Mobile,0,5,0,0
2025-03-12 15:27,3780.2,RU,Mobile,0,1,0,1
2025-02-11 22:33,99.69,RU,Desktop,0,10,0,0
2025-01-14 06:41,1417.99,CN,Desktop,1,3,0,0
2025-02-05 08:04,1217.62,CN,Desktop,0,1,0,0
2025-03-18 08:30,1822.84,US,Desktop,0,8,0,0
2025-01-17 09:36,990.22,DE,Tablet,0,6,0,0
2025-02-27 14:51,618.53,IN,Mobile,1,3,0,0
2025-03-12 18:07,4161.41,US,Tablet,1,4,0,1
2025-03-14 06:10,1276.31,RU,Desktop,0,3,0,0
2025-03-15 00:43,3350.53,IN,Desktop,0,4,1,0
2025-02-04 04:22,1480.7,CN,Desktop,1,10,1,1
2025-01-06 03:15,2665.95,RU,Tablet,1,10,1,1
2025-02-15 07:45,1136.18,US,Mobile,1,1,0,0
2025-03-14 06:49,4830.29,IN,Tablet,0,1,0,1
2025-02-11 17:29,352.43,RU,Desktop,0,2,0,1
2025-03-07 05:23,2249.26,DE,Desktop,0,10,1,0
2025-03-08 20:19,1465.18,IN,Tablet,0,4,0,0
2025-02-21 21:40,3858.1,DE,Mobile,0,4,0,0
2025-03-23 16:09,2478.35,DE,Mobile,1,9,0,0
2025-03-11 07:47,4217.59,RU,Mobile,0,9,0,0
2025-02-11 15:43,4380.58,CN,Mobile,1,6,0,1
2025-02-21 22:40,3136.67,IN,Desktop,1,5,0,1
2025-01-26 18:15,3673.53,IN,Desktop,0,9,0,0
2025-02-27 01:18,4732.35,DE,Mobile,0,3,1,1
2025-03-06 10:11,3252.25,RU,Mobile,0,6,0,0
2025-03-19 10:35,4792.01,CN,Desktop,0,10,0,1
2025-03-29 02:12,522.51,DE,Mobile,1,8,1,0
2025-01-20 02:13,4709.42,DE,Tablet,1,4,1,0
2025-03-19 23:52,2906.25,IN,Tablet,0,5,1,0
2025-02-22 02:20,3148.84,RU,Mobile,1,8,1,1
2025-01-07 18:01,2309.98,US,Desktop,0,1,0,0
2025-01-19 22:39,4945.58,CN,Tablet,0,6,0,1
2025-02-24 23:17,3602.54,US,Tablet,1,10,1,1
2025-02-01 05:31,4165.7,RU,Mobile,1,6,1,0
2025-01-12 18:02,2515.42,RU,Tablet,0,6,0,0
2025-01-16 18:44,1428.4,DE,Mobile,1,6,0,1
2025-01-29 18:37,2115.39,CN,Tablet,0,6,0,0
2025-03-28 02:05,3297.89,US,Mobile,0,3,1,1
2025-03-31 05:39,2926.92,RU,Desktop,0,5,1,0
2025-02-21 22:20,1060.47,RU,Mobile,0,8,0,0
2025-01-06 00:33,4178.29,DE,Desktop,0,3,1,0
2025-01-23 05:01,1556.83,CN,Mobile,1,10,1,1
2025-03-09 20:01,1529.62,US,Mobile,1,1,0,0
2025-03-11 22:52,1342.21,US,Tablet,0,2,0,0
2025-03-17 04:57,2773.11,RU,Mobile,0,10,1,0
2025-03-12 11:13,2561.75,RU,Desktop,1,9,0,1
2025-02-21 12:33,2550.31,CN,Mobile,0,8,0,0
2025-01-06 10:58,907.72,US,Desktop,1,7,0,0
2025-03-05 07:39,4644.84,CN,Mobile,1,9,0,0
2025-03-08 19:07,3827.5,IN,Mobile,0,4,0,0
2025-03-06 00:17,883.44,US,Desktop,0,7,1,0
2025-01-12 07:06,3933.2,IN,Desktop,0,2,0,0
2025-03-25 00:05,3945.82,IN,Tablet,1,5,1,1
2025-02-09 08:02,2237.36,DE,Desktop,0,10,0,0
2025-03-05 13:50,4647.27,CN,Desktop,0,10,0,0
2025-01-16 14:40,4214.97,CN,Mobile,0,6,0,0
2025-03-17 18:53,3295.31,CN,Mobile,1,7,0,1
2025-02-18 07:40,1529.52,IN,Mobile,0,4,0,0
2025-01-21 19:49,2267.28,IN,Tablet,1,8,0,0
2025-03-25 10:59,1066.58,DE,Desktop,1,8,0,1
2025-03-25 05:13,2568.41,CN,Mobile,1,4,1,1
2025-01-14 04:59,4285.48,CN,Desktop,0,1,1,1
2025-03-15 15:03,2864.96,IN,Tablet,0,5,0,1
2025-02-12 05:28,3854.6,CN,Desktop,1,1,1,1
2025-02-26 22:43,2470.81,IN,Tablet,0,7,0,0
2025-03-24 01:25,609.97,IN,Mobile,0,6,1,0
2025-03-18 22:44,3423.35,US,Mobile,1,10,0,0
2025-02-12 01:18,867.16,RU,Mobile,0,9,1,1
2025-02-27 17:34,2785.47,IN,Tablet,0,4,0,0
2025-02-21 23:30,4813.21,RU,Mobile,0,10,1,1
2025-02-10 16:36,1223.3,US,Tablet,1,2,0,0
2025-03-11 18:07,1934.19,RU,Mobile,0,2,0,0
2025-01-24 15:40,4236.81,RU,Mobile,1,9,0,1
2025-03-26 18:18,2262.89,DE,Desktop,1,8,0,1
2025-03-13 13:36,1234.43,IN,Mobile,0,7,0,0
2025-01-17 17:26,1425.8,US,Mobile,1,6,0,0
2025-03-10 13:13,3319.05,RU,Desktop,1,2,0,1
2025-02-06 07:26,962.55,IN,Desktop,1,9,0,0
2025-03-21 11:49,379.56,US,Tablet,0,4,0,0
2025-01-28 14:08,4066.46,IN,Tablet,0,10,0,0
2025-03-23 03:59,4181.72,IN,Mobile,0,2,1,0
2025-03-27 05:17,795.33,DE,Mobile,0,2,1,0
2025-01-26 17:55,2531.18,US,Desktop,1,2,0,0
2025-01-23 13:54,3389.71,US,Mobile,1,7,0,1
2025-03-01 02:05,338.72,CN,Tablet,0,4,1,0
2025-03-11 21:46,4253.42,DE,Desktop,1,8,0,0
2025-01-11 14:03,1573.28,RU,Tablet,1,2,0,0
2025-03-15 04:13,4065.2,RU,Tablet,1,5,1,1
2025-03-15 22:55,3855.32,RU,Mobile,0,9,0,1
2025-01-15 10:44,4591.57,IN,Desktop,0,6,0,0
2025-01-22 22:30,3168.88,IN,Desktop,0,3,0,1
2025-03-22 02:20,416.12,IN,Tablet,0,10,1,0
2025-01-20 03:54,488.02,CN,Mobile,1,3,1,1
2025-03-19 09:26,4599.68,DE,Tablet,1,5,0,1
2025-02-19 07:49,3804.4,US,Desktop,1,1,0,1
2025-02-01 20:06,1111.81,RU,Desktop,0,5,0,0
2025-01-11 14:50,1151.67,RU,Mobile,1,6,0,1
2025-03-31 05:08,4430.78,IN,Mobile,0,6,1,0
2025-03-22 04:57,2506.08,IN,Tablet,0,9,1,0
2025-02-20 22:35,1087.79,CN,Mobile,1,10,0,1
2025-02-11 01:29,565.99,US,Mobile,1,6,1,0
2025-03-29 21:53,1111.89,CN,Desktop,0,4,0,0
2025-03-27 15:10,34.06,RU,Tablet,1,7,0,0
2025-02-15 06:48,4025.34,IN,Mobile,0,1,0,1
2025-01-27 16:22,4397.09,DE,Tablet,1,9,0,1
2025-03-26 04:16,4423.95,US,Desktop,0,10,1,1
2025-01-16 18:28,2528.61,RU,Desktop,1,8,0,0
2025-03-18 05:48,3384.93,IN,Desktop,1,1,1,0
2025-01-08 15:24,2472.59,DE,Tablet,1,4,0,1
2025-03-16 14:34,4968.66,RU,Tablet,1,9,0,1
2025-02-14 17:58,4623.18,CN,Mobile,0,7,0,0
2025-03-24 20:09,1615.81,RU,Mobile,0,6,0,0
2025-01-27 00:29,2587.49,DE,Mobile,1,6,1,0
2025-02-03 02:17,2618.86,DE,Tablet,1,4,1,1
2025-01-31 14:46,4759.77,IN,Desktop,0,3,0,1
2025-01-06 16:42,4553.16,CN,Mobile,0,5,0,0
2025-03-25 03:32,1283.83,RU,Tablet,0,3,1,1
2025-01-18 10:55,909.82,IN,Mobile,1,7,0,1
2025-02-23 01:03,3319.25,DE,Mobile,0,6,1,1
2025-01-02 11:31,2183.02,DE,Mobile,0,4,0,0
2025-02-13 01:10,4859.33,RU,Desktop,0,7,1,1
2025-03-14 17:36,756.73,IN,Desktop,1,7,0,0
2025-02-22 07:38,4545.22,US,Tablet,0,8,0,0
2025-02-02 13:59,2830.98,CN,Tablet,1,9,0,0
2025-01-16 15:09,4986.14,IN,Desktop,1,1,0,0
2025-03-09 03:56,2854.24,US,Mobile,1,3,1,1
2025-02-25 08:26,1335.82,DE,Tablet,1,8,0,0
2025-01-31 16:32,3269.16,US,Desktop,1,5,0,0
2025-02-07 00:45,683.38,CN,Tablet,0,5,1,0
2025-02-25 12:23,4048.43,US,Mobile,1,9,0,1
2025-01-15 16:31,2472.96,DE,Mobile,1,4,0,0
2025-03-11 08:10,2214.1,CN,Tablet,1,3,0,0
2025-03-22 19:54,2886.0,RU,Tablet,0,9,0,0
2025-01-05 15:14,2258.36,US,Mobile,1,2,0,0
2025-03-22 12:27,3913.71,RU,Mobile,1,8,0,1
2025-01-15 18:11,4994.77,DE,Desktop,0,10,0,1
2025-02-04 08:58,1842.02,IN,Tablet,0,3,0,0
2025-03-31 07:10,2530.35,DE,Mobile,1,8,0,1
2025-01-16 18:14,954.79,CN,Tablet,0,8,0,0
2025-01-04 08:11,4586.77,CN,Tablet,0,10,0,0
2025-03-10 23:57,3295.01,RU,Mobile,0,1,1,0
2025-02-24 12:06,4315.96,US,Mobile,0,7,0,0
2025-02-04 07:16,2710.95,RU,Desktop,1,8,0,0
2025-03-18 12:16,4997.31,US,Tablet,0,2,0,0
2025-01-25 12:52,3494.49,IN,Tablet,1,8,0,0
2025-01-19 18:42,4088.56,DE,Mobile,1,8,0,0
2025-01-27 07:52,1397.17,RU,Mobile,1,7,0,0
2025-01-08 23:02,3130.06,CN,Mobile,0,10,1,1
2025-01-04 00:54,4576.74,DE,Mobile,1,4,1,1
2025-03-28 03:26,1697.66,RU,Tablet,1,7,1,0
2025-03-30 06:53,1505.32,DE,Desktop,1,8,0,1
2025-02-13 08:35,4615.61,US,Desktop,0,2,0,1
2025-01-28 21:57,1653.06,US,Tablet,0,9,0,0
2025-01-23 20:08,3205.78,DE,Desktop,0,7,0,0
2025-02-10 23:06,1310.37,US,Desktop,0,10,1,0
2025-01-26 08:03,1834.79,DE,Desktop,1,9,0,0
2025-01-14 15:18,4515.83,US,Tablet,0,6,0,0
2025-02-12 20:42,4987.66,US,Tablet,1,8,0,0
2025-01-21 23:05,1508.46,IN,Tablet,0,3,1,1
2025-02-11 04:50,3631.94,CN,Mobile,1,5,1,1
2025-03-06 03:24,2448.62,CN,Mobile,0,7,1,1
2025-01-07 01:35,4148.55,US,Tablet,1,6,1,1
2025-02-21 14:29,2208.7,RU,Tablet,0,7,0,0
2025-03-14 04:09,3132.06,RU,Tablet,0,7,1,0
2025-03-26 01:40,4152.41,RU,Tablet,0,2,1,0
2025-01-18 09:00,85.41,US,Tablet,0,1,0,0
2025-02-01 10:07,18.23,CN,Desktop,0,7,0,0
2025-02-11 04:31,4668.19,DE,Desktop,1,8,1,1
2025-02-12 07:11,2825.21,DE,Desktop,1,9,0,0
2025-03-02 10:58,3619.31,DE,Tablet,1,2,0,1
2025-01-08 00:51,3068.62,US,Tablet,1,7,1,1
2025-02-28 05:30,1151.61,CN,Tablet,1,1,1,1
2025-01-04 16:52,4624.39,DE,Mobile,0,1,0,0
2025-02-22 10:09,2241.46,CN,Mobile,0,3,0,0
2025-03-03 08:35,4402.05,RU,Desktop,0,9,0,1
2025-02-06 11:15,1357.56,DE,Mobile,1,10,0,1
2025-03-18 22:18,4351.36,DE,Desktop,1,7,0,0
2025-01-30 11:23,2569.9,RU,Mobile,1,10,0,0
2025-01-16 05:48,2118.95,CN,Desktop,0,3,1,0
2025-02-27 23:29,435.29,IN,Mobile,1,10,1,0
2025-02-20 21:13,1832.77,DE,Tablet,0,3,0,0
2025-03-07 02:08,3116.22,CN,Tablet,0,3,1,1
2025-01-15 23:06,4790.7,DE,Desktop,1,9,1,0
2025-03-16 06:09,3534.01,IN,Mobile,0,6,0,1
2025-01-06 01:21,3847.76,IN,Mobile,1,5,1,0
2025-02-01 22:12,4652.96,IN,Tablet,1,8,0,1
2025-02-27 14:49,678.76,RU,Tablet,1,9,0,0
2025-01-22 06:16,2792.98,RU,Mobile,0,5,0,0
2025-03-05 18:13,3326.34,US,Tablet,0,4,0,1
2025-01-19 01:45,1943.83,CN,Tablet,0,1,1,0
2025-03-09 01:25,464.0,RU,Desktop,0,4,1,1
2025-01-26 04:25,331.25,US,Tablet,0,1,1,0
2025-02-26 18:18,3283.59,DE,Desktop,1,4,0,1
2025-01-17 07:37,361.37,RU,Desktop,1,9,0,0
2025-02-11 01:08,2487.24,IN,Tablet,1,8,1,1
2025-01-20 05:54,1365.9,IN,Desktop,0,1,1,0
2025-03-21 08:42,2564.13,US,Tablet,1,9,0,1
2025-02-03 20:00,4336.55,IN,Desktop,1,10,0,1
2025-03-16 15:11,4446.59,DE,Tablet,0,7,0,1
2025-01-08 21:09,3207.36,IN,Tablet,0,6,0,0
2025-02-13 08:43,1977.22,CN,Mobile,1,6,0,0
2025-01-04 04:49,2632.86,DE,Mobile,0,9,1,1
2025-01-27 00:34,1962.62,IN,Desktop,1,1,1,1
2025-03-08 11:53,1184.25,IN,Mobile,0,9,0,0
2025-02-20 11:02,3996.35,DE,Mobile,0,1,0,1
2025-01-24 21:42,4073.11,IN,Mobile,0,2,0,1
2025-01-20 05:47,884.84,US,Mobile,0,6,1,1
2025-03-06 07:02,2236.3,US,Mobile,1,3,0,1
2025-01-04 12:01,1259.43,US,Tablet,1,5,0,1
2025-01-26 11:35,3884.95,US,Desktop,0,4,0,0
2025-02-04 17:14,549.83,IN,Desktop,0,2,0,0
2025-02-05 03:36,2951.78,RU,Mobile,0,9,1,0
2025-02-19 18:05,2193.84,DE,Mobile,1,5,0,1
2025-03-23 01:46,417.54,IN,Tablet,0,7,1,1
2025-02-09 03:30,2437.66,DE,Tablet,1,5,1,1
2025-03-14 23:13,4239.39,DE,Mobile,1,6,1,1
2025-01-17 22:15,4905.15,CN,Tablet,1,6,0,1
2025-03-04 05:05,2507.45,US,Mobile,1,10,1,0
2025-02-19 19:56,3776.58,CN,Mobile,0,7,0,1
2025-02-19 20:19,4782.31,RU,Desktop,1,10,0,1
2025-01-16 10:27,794.9,IN,Tablet,1,7,0,0
2025-02-10 15:09,3670.73,CN,Desktop,1,1,0,1
2025-02-23 17:29,2186.89,RU,Desktop,0,5,0,0
2025-03-17 11:22,3011.05,DE,Tablet,0,3,0,0
2025-02-02 02:25,4623.91,CN,Mobile,1,7,1,1
2025-03-23 07:05,2325.96,DE,Mobile,1,1,0,0
2025-03-07 04:27,494.2,US,Tablet,1,5,1,0
2025-03-29 17:46,2325.0,US,Mobile,0,3,0,0
2025-01-15 06:39,4655.92,IN,Desktop,0,7,0,0
2025-03-30 13:40,1566.92,CN,Desktop,1,3,0,0
2025-03-09 10:39,3406.48,IN,Desktop,1,10,0,1
2025-03-02 01:50,1335.77,US,Tablet,0,4,1,0
2025-01-23 06:47,4774.66,RU,Mobile,0,4,0,1
2025-01-30 11:37,4001.5,CN,Desktop,1,8,0,1
2025-01-03 13:41,2810.84,IN,Desktop,1,2,0,1
2025-01-09 11:59,2538.14,DE,Desktop,1,2,0,0
2025-02-05 15:14,989.97,DE,Desktop,1,10,0,1
2025-01-18 09:10,819.4,US,Mobile,1,1,0,1
2025-01-17 23:54,999.94,IN,Desktop,0,8,1,1
2025-03-28 11:11,2535.76,RU,Tablet,0,3,0,0
2025-02-14 20:30,2709.33,CN,Tablet,0,1,0,0
2025-02-16 07:25,4636.86,IN,Mobile,0,4,0,0
2025-02-27 11:03,2890.88,CN,Mobile,0,7,0,0
2025-03-30 14:26,123.24,US,Desktop,0,10,0,1
2025-01-30 15:52,2990.51,DE,Desktop,0,5,0,0
2025-02-26 07:02,4544.77,RU,Desktop,1,5,0,1
2025-01-29 22:20,1786.37,IN,Mobile,0,4,0,0
2025-02-07 07:26,2005.12,DE,Mobile,0,9,0,0
2025-02-06 09:02,29.07,RU,Tablet,1,5,0,0
2025-02-02 07:32,4833.02,CN,Tablet,0,2,0,0
2025-02-25 04:42,1946.98,RU,Tablet,0,5,1,0
2025-03-31 17:20,3608.37,US,Mobile,1,10,0,1
2025-02-17 03:22,3599.08,IN,Mobile,1,4,1,1
2025-03-30 07:02,819.54,CN,Desktop,0,3,0,0
2025-03-06 02:16,85.33,US,Mobile,1,9,1,0
2025-03-03 02:55,3212.24,DE,Desktop,0,3,1,1
2025-02-14 19:03,2081.07,US,Desktop,1,8,0,0
2025-02-17 09:11,1013.67,CN,Tablet,0,8,0,0
2025-03-08 03:07,3050.28,RU,Desktop,1,6,1,0
2025-01-09 07:41,1326.35,RU,Desktop,1,2,0,1
2025-03-21 03:30,9.09,US,Tablet,0,1,1,0
2025-02-08 01:12,1383.05,IN,Tablet,1,9,1,1
2025-02-03 12:46,4956.22,US,Tablet,0,1,0,0
2025-01-25 12:36,4550.37,DE,Mobile,1,10,0,0
2025-02-20 22:54,2790.68,US,Desktop,0,8,0,0
2025-02-01 19:19,1523.4,CN,Tablet,0,1,0,0
2025-01-15 20:37,2242.54,US,Tablet,0,1,0,1
2025-01-05 02:28,1907.0,IN,Desktop,1,10,1,1
2025-01-12 20:49,3381.94,DE,Mobile,0,4,0,0
2025-01-08 16:47,1931.27,IN,Tablet,0,2,0,0
2025-01-25 23:10,1331.46,US,Desktop,0,3,1,0
2025-03-01 13:45,1658.11,US,Desktop,1,8,0,0
2025-01-08 03:21,2504.26,DE,Mobile,1,8,1,1
2025-03-24 20:37,3878.91,DE,Mobile,0,4,0,1
2025-01-28 23:30,117.61,CN,Tablet,0,4,1,0
2025-02-28 06:29,742.95,US,Mobile,1,10,0,0
2025-01-23 12:59,3878.31,RU,Mobile,1,9,0,1
2025-01-01 02:32,2178.0,DE,Desktop,0,6,1,1
2025-02-05 14:22,941.41,RU,Tablet,0,5,0,0
2025-03-03 06:14,140.46,IN,Tablet,0,9,0,0
2025-03-01 20:54,337.5,IN,Desktop,1,10,0,0
2025-01-01 16:51,1753.64,DE,Mobile,1,3,0,1
2025-02-21 11:28,4065.02,IN,Desktop,0,2,0,1
2025-03-28 06:54,4343.85,US,Mobile,1,10,0,1
2025-03-03 02:12,1827.1,IN,Tablet,0,8,1,0
2025-01-08 22:55,3233.32,IN,Tablet,1,8,0,0
2025-01-22 13:51,2318.3,IN,Tablet,0,6,0,0
2025-03-08 10:01,2972.45,RU,Tablet,0,8,0,0
2025-01-20 14:42,4523.54,CN,Tablet,1,5,0,1
2025-01-20 18:21,1563.78,IN,Mobile,0,9,0,0
2025-03-14 03:01,237.59,US,Mobile,0,3,1,0
2025-01-02 02:35,2521.6,US,Mobile,1,4,1,1
2025-01-15 10:35,857.36,IN,Mobile,1,9,0,1
2025-01-31 03:20,3927.82,IN,Tablet,1,9,1,1
2025-01-05 16:10,243.96,US,Mobile,1,2,0,0
2025-03-01 06:26,1195.8,IN,Desktop,1,2,0,0
2025-01-29 12:33,4635.88,IN,Mobile,1,2,0,0
2025-01-07 00:15,1192.59,IN,Tablet,0,3,1,1
2025-03-08 00:20,329.53,US,Tablet,0,9,1,0
2025-03-13 18:56,621.24,US,Desktop,1,9,0,0
2025-02-21 19:38,2104.21,CN,Mobile,0,2,0,0
2025-03-10 14:24,3431.35,DE,Desktop,0,1,0,0
2025-01-09 15:51,2427.17,RU,Desktop,1,5,0,0
2025-03-07 19:41,2455.14,RU,Mobile,1,8,0,0
2025-01-07 22:08,1997.6,RU,Tablet,1,5,0,0
2025-03-29 10:43,1476.09,CN,Mobile,0,9,0,0
2025-03-20 11:05,671.11,US,Tablet,1,7,0,0
2025-01-23 10:33,2040.58,RU,Tablet,1,1,0,0
2025-01-20 12:56,4772.28,DE,Mobile,0,3,0,1
2025-01-09 03:58,15.4,IN,Mobile,1,5,1,1
2025-01-09 13:57,1277.67,CN,Mobile,1,10,0,0
2025-01-09 15:38,2915.02,CN,Mobile,0,1,0,0
2025-03-04 13:29,3727.63,CN,Desktop,0,7,0,0
2025-01-17 17:59,4073.42,IN,Desktop,0,8,0,0
2025-03-11 21:59,4988.24,IN,Mobile,0,4,0,0
2025-01-08 10:14,4640.9,RU,Tablet,0,6,0,0
2025-02-04 14:56,2752.19,CN,Tablet,1,4,0,0
2025-03-11 13:07,695.0,DE,Mobile,1,6,0,0
2025-01-24 05:05,957.61,DE,Mobile,0,1,1,1
2025-03-10 05:49,4157.6,CN,Tablet,1,1,1,1
2025-02-25 08:54,3399.42,CN,Mobile,0,7,0,0
2025-01-25 13:16,2758.81,CN,Desktop,0,2,0,0
2025-03-28 18:08,738.14,US,Tablet,0,8,0,0
2025-02-27 15:13,2980.02,CN,Desktop,0,3,0,1
2025-01-29 06:14,2889.33,US,Desktop,1,7,0,1
2025-01-18 23:16,3838.15,CN,Mobile,1,8,1,1
2025-03-16 13:59,2484.02,RU,Tablet,1,4,0,1
2025-01-12 22:41,2362.72,IN,Tablet,1,6,0,0
2025-01-27 04:55,405.37,DE,Tablet,1,8,1,1
2025-02-20 02:29,3872.61,US,Tablet,1,9,1,1
2025-01-11 11:20,324.78,US,Desktop,0,9,0,1
2025-02-10 12:58,752.73,US,Mobile,1,3,0,0
2025-01-16 19:13,1224.0,RU,Desktop,1,1,0,0
2025-01-15 11:35,4274.05,RU,Desktop,1,3,0,0
2025-01-09 23:30,3403.92,US,Mobile,0,9,1,0
2025-01-30 21:10,1079.89,IN,Desktop,1,1,0,0
2025-01-21 03:17,2823.53,RU,Mobile,1,3,1,0
2025-03-31 01:54,3528.74,IN,Desktop,1,5,1,1
2025-01-22 16:14,3366.68,DE,Tablet,1,1,0,1
2025-02-08 12:04,1575.19,CN,Desktop,1,2,0,0
2025-01-30 02:00,4919.53,DE,Mobile,1,9,1,1
2025-02-01 14:46,2685.89,US,Mobile,0,10,0,0
2025-03-12 03:52,1533.15,IN,Desktop,1,3,1,1
2025-02-23 10:31,4196.24,CN,Desktop,0,2,0,0
2025-03-15 13:00,97.67,US,Mobile,1,1,0,1
2025-01-28 00:24,4566.52,CN,Tablet,1,6,1,1
2025-03-10 23:12,2178.09,CN,Desktop,0,3,1,0
2025-03-04 15:43,4666.1,DE,Desktop,0,10,0,0
2025-03-22 12:23,3971.21,CN,Mobile,0,4,0,0
2025-02-10 09:36,3354.79,DE,Tablet,0,7,0,0
2025-01-01 22:53,1218.13,RU,Tablet,0,4,0,0
2025-02-07 09:12,2165.0,RU,Tablet,1,3,0,1
2025-03-23 21:39,815.67,DE,Tablet,1,6,0,0
2025-03-29 21:19,4181.08,IN,Desktop,0,1,0,1
2025-01-16 09:25,4103.82,IN,Tablet,0,9,0,1
2025-01-20 14:26,1305.05,CN,Tablet,1,8,0,0
2025-03-07 19:26,3816.86,US,Tablet,1,3,0,1
2025-02-27 03:38,3852.34,RU,Desktop,0,9,1,0
2025-01-14 05:15,2646.98,CN,Mobile,0,4,1,0
2025-02-28 11:52,1045.04,DE,Mobile,0,10,0,0
2025-03-21 10:26,669.56,US,Tablet,1,10,0,0
2025-03-05 09:12,4233.51,US,Tablet,1,8,0,0
2025-02-05 01:50,4489.84,CN,Mobile,1,1,1,1
2025-03-25 23:01,791.82,DE,Tablet,0,2,1,0
2025-01-16 15:06,1552.38,RU,Mobile,1,2,0,1
2025-03-18 23:00,189.33,CN,Tablet,0,4,1,0
2025-02-19 23:19,849.54,US,Desktop,1,9,1,0
2025-02-04 19:56,1100.27,RU,Tablet,0,1,0,0
2025-01-02 19:37,3249.8,CN,Desktop,1,5,0,0
2025-01-15 20:32,2029.27,US,Desktop,0,1,0,0
2025-01-19 05:41,3143.42,RU,Mobile,1,10,1,0
2025-01-03 20:25,4598.38,US,Desktop,0,5,0,1
2025-03-03 11:11,2525.78,IN,Desktop,1,3,0,1
2025-01-31 00:01,1414.48,IN,Tablet,1,6,1,0
2025-03-11 16:09,1337.86,IN,Mobile,1,7,0,0
2025-02-06 09:12,165.32,RU,Tablet,1,5,0,0
2025-02-17 23:13,4542.58,DE,Desktop,0,9,1,0
2025-01-26 06:18,2598.5,US,Desktop,1,6,0,0
2025-01-08 03:21,3582.83,DE,Tablet,1,6,1,1
2025-01-24 02:07,4570.32,RU,Tablet,1,7,1,1
2025-03-02 06:50,3997.63,RU,Desktop,1,9,0,0
2025-01-14 05:57,3745.99,RU,Tablet,0,9,1,1
2025-03-23 10:54,2513.01,US,Mobile,0,8,0,0
2025-03-11 16:00,4628.63,US,Tablet,0,3,0,1
2025-03-05 12:31,3067.17,IN,Desktop,1,8,0,0
2025-02-18 15:14,1710.34,CN,Mobile,0,8,0,1
2025-03-05 09:54,2714.24,US,Desktop,1,6,0,0
2025-03-12 10:53,4332.96,RU,Desktop,1,8,0,1
2025-01-31 05:12,4662.54,RU,Desktop,1,8,1,0
2025-01-19 04:08,3899.67,DE,Desktop,0,6,1,1
2025-03-23 12:12,604.91,RU,Desktop,0,8,0,0
2025-01-24 16:19,3925.01,IN,Tablet,0,3,0,0
2025-03-23 05:09,1531.02,US,Tablet,0,10,1,0
2025-02-28 17:36,4069.18,DE,Mobile,0,1,0,1
2025-03-06 02:14,2450.97,US,Tablet,0,2,1,0
2025-01-22 18:27,3078.73,CN,Tablet,1,9,0,1
2025-01-21 22:31,1517.67,CN,Desktop,1,6,0,0
2025-01-06 00:27,2567.77,DE,Desktop,0,5,1,0
2025-03-12 11:21,1771.33,US,Tablet,0,8,0,0
2025-03-31 09:49,1621.22,RU,Tablet,1,6,0,1
2025-01-08 06:32,3476.33,IN,Tablet,0,2,0,0
2025-01-07 21:16,1035.06,RU,Mobile,1,5,0,0
2025-02-22 13:29,1720.93,DE,Mobile,1,1,0,0
2025-01-28 03:00,155.96,DE,Mobile,1,2,1,0
2025-01-23 11:17,529.41,CN,Tablet,0,8,0,1
2025-03-15 22:34,2211.9,DE,Tablet,0,6,0,0
2025-01-21 03:44,4138.54,DE,Mobile,0,2,1,1
2025-01-10 11:17,4887.88,RU,Mobile,1,9,0,1
2025-01-30 22:30,4210.53,RU,Desktop,1,10,0,1
2025-01-03 07:31,2753.68,RU,Tablet,1,6,0,0
2025-03-01 06:24,4288.73,RU,Tablet,0,2,0,0
2025-01-02 05:55,3869.82,US,Tablet,1,7,1,1
2025-03-06 15:14,2310.08,DE,Desktop,0,7,0,0
2025-03-06 16:22,1395.09,RU,Tablet,1,3,0,0
2025-03-20 02:49,1902.62,US,Tablet,0,8,1,0
2025-03-18 01:25,4651.43,IN,Mobile,0,7,1,1
2025-01-27 21:15,3127.95,RU,Desktop,1,10,0,0
2025-03-26 15:35,4243.56,US,Tablet,0,7,0,1
2025-03-01 11:48,4509.77,RU,Tablet,1,4,0,1
2025-01-08 04:48,292.37,CN,Desktop,0,6,1,0
2025-02-23 22:16,3828.96,RU,Tablet,0,7,0,0
2025-01-25 20:53,2898.81,DE,Tablet,0,5,0,0
2025-03-12 02:56,3169.75,RU,Desktop,0,10,1,1
2025-02-03 01:24,3843.13,DE,Tablet,0,9,1,1
2025-01-29 18:54,4404.32,DE,Mobile,1,7,0,1
2025-01-09 10:01,4112.06,RU,Tablet,1,1,0,0
2025-03-13 04:01,4227.41,IN,Desktop,0,6,1,0
2025-01-26 17:52,2218.26,CN,Desktop,0,10,0,0
2025-02-18 22:21,1939.26,US,Mobile,0,1,0,0
2025-03-23 19:48,656.24,RU,Desktop,1,4,0,0
2025-01-24 18:46,933.96,US,Mobile,1,9,0,0
2025-01-15 18:24,1475.57,CN,Desktop,0,3,0,1
2025-03-09 14:10,4981.47,US,Tablet,1,5,0,0
2025-02-21 10:56,1176.9,US,Tablet,0,1,0,0
2025-01-27 16:53,1672.23,IN,Desktop,1,1,0,0
2025-01-19 13:34,3573.71,RU,Tablet,0,7,0,0
2025-02-16 09:26,2527.8,CN,Tablet,0,9,0,0
2025-03-09 17:50,3329.75,RU,Mobile,0,7,0,0
2025-03-10 00:50,4074.39,DE,Desktop,0,8,1,0
2025-03-04 01:52,3276.44,IN,Desktop,1,4,1,1
2025-03-28 10:47,4113.43,IN,Mobile,0,1,0,0
2025-03-06 03:01,3697.38,IN,Tablet,1,3,1,1
2025-01-30 19:07,2886.44,IN,Mobile,0,4,0,0
2025-01-13 02:29,3189.82,IN,Desktop,1,6,1,1
2025-03-29 04:42,1865.08,DE,Mobile,1,9,1,0
2025-02-24 07:57,593.93,US,Tablet,0,9,0,0
2025-01-22 01:16,3310.29,CN,Mobile,0,5,1,0
2025-01-03 21:56,2320.66,DE,Tablet,0,2,0,1
2025-03-14 22:40,4194.39,IN,Mobile,0,9,0,0
2025-01-26 17:17,4624.01,US,Tablet,1,2,0,1
2025-01-03 10:42,4900.0,US,Tablet,1,10,0,0
2025-03-16 11:00,1656.56,US,Desktop,0,5,0,0
2025-01-06 13:57,3773.69,IN,Tablet,0,7,0,0
2025-03-23 18:33,3694.21,US,Mobile,0,7,0,0
2025-02-05 03:03,3875.42,CN,Tablet,1,6,1,0
2025-02-01 05:29,645.98,IN,Desktop,0,1,1,0
2025-03-31 05:27,38.84,RU,Mobile,0,7,1,1
2025-01-20 10:35,2261.56,CN,Tablet,1,8,0,1
2025-01-10 15:15,2284.71,DE,Mobile,1,6,0,1
2025-01-28 01:44,1105.18,DE,Desktop,0,2,1,1
2025-03-08 12:33,2840.8,RU,Tablet,1,1,0,0
2025-02-18 23:48,278.49,CN,Mobile,0,5,1,0
2025-02-19 05:44,3315.49,RU,Mobile,0,4,1,0
2025-01-10 13:10,653.29,CN,Tablet,0,8,0,0
2025-03-11 06:46,4642.09,US,Mobile,1,8,0,1
2025-03-02 01:42,3506.35,DE,Tablet,1,7,1,1
2025-03-17 21:54,1865.65,IN,Tablet,0,9,0,1
2025-03-18 13:36,4869.64,DE,Desktop,1,9,0,0
2025-01-31 13:49,1913.49,US,Tablet,0,6,0,0
2025-01-08 03:30,995.38,IN,Desktop,1,9,1,0
2025-01-22 00:59,2832.85,RU,Tablet,0,6,1,1
2025-03-26 04:29,4325.77,RU,Mobile,0,9,1,1
2025-02-11 17:21,3082.18,DE,Desktop,1,7,0,1
2025-01-05 11:37,2001.48,IN,Tablet,0,1,0,0
2025-02-09 18:24,1454.76,DE,Tablet,0,3,0,0
2025-02-11 23:48,2903.79,RU,Tablet,1,10,1,1
2025-02-19 06:21,3571.37,RU,Tablet,1,6,0,0
2025-02-23 20:45,4330.74,CN,Desktop,0,8,0,0
2025-01-27 13:41,4849.93,DE,Mobile,1,9,0,1
2025-01-02 18:14,4125.33,CN,Mobile,1,1,0,1
2025-03-06 12:59,1679.64,RU,Mobile,0,5,0,0
2025-03-20 15:46,3525.11,US,Tablet,1,1,0,1
2025-01-21 07:58,1669.95,US,Tablet,0,6,0,0
2025-01-14 13:35,4337.45,CN,Mobile,1,8,0,1
2025-02-23 12:30,257.82,US,Mobile,0,3,0,1
2025-02-13 23:33,1189.59,US,Tablet,1,6,1,0
2025-01-22 01:48,286.26,IN,Mobile,1,8,1,0
2025-01-08 05:15,2446.56,US,Mobile,0,8,1,0
2025-01-04 21:23,1415.3,US,Tablet,1,9,0,1
2025-03-28 02:25,1720.08,CN,Desktop,1,3,1,0
2025-02-14 14:10,4011.99,CN,Mobile,1,3,0,1
2025-02-12 04:30,4123.59,RU,Desktop,1,2,1,1
2025-03-07 17:13,2786.15,DE,Tablet,1,2,0,0
2025-01-27 03:06,4168.77,DE,Tablet,0,9,1,1
2025-03-04 14:51,3307.17,RU,Tablet,0,10,0,1
2025-01-19 19:41,4043.89,RU,Tablet,1,9,0,1
2025-01-01 20:40,2174.18,US,Desktop,1,9,0,0
2025-02-11 23:17,2443.98,DE,Desktop,1,1,1,1
2025-01-01 06:37,2104.34,IN,Mobile,0,6,0,0
2025-02-06 18:32,369.03,RU,Mobile,0,9,0,0
2025-02-11 10:44,4226.47,IN,Tablet,0,4,0,0
2025-02-13 04:59,2419.37,IN,Mobile,0,2,1,0
2025-01-08 16:14,961.12,RU,Desktop,1,2,0,0
2025-02-25 02:00,141.77,US,Tablet,0,9,1,1
2025-02-25 14:34,2443.02,DE,Desktop,1,1,0,0
2025-01-02 03:35,4874.92,DE,Tablet,1,2,1,1
2025-03-21 13:24,3139.7,DE,Mobile,0,7,0,0
2025-01-01 11:51,4392.1,IN,Tablet,0,10,0,1
2025-02-03 17:54,3636.48,DE,Tablet,1,10,0,1
2025-03-25 10:44,227.28,US,Tablet,0,7,0,0
2025-03-24 13:00,3182.76,CN,Desktop,1,1,0,0
2025-03-14 14:02,2478.33,IN,Desktop,0,2,0,0
2025-03-21 07:15,762.52,DE,Desktop,1,10,0,1
2025-02-05 12:49,2506.58,CN,Mobile,0,7,0,0
2025-03-27 00:40,4451.57,DE,Desktop,1,6,1,1
2025-01-06 18:53,1540.79,IN,Desktop,0,7,0,0
2025-01-15 15:49,1822.2,IN,Mobile,1,2,0,0
2025-02-22 15:46,1254.16,US,Desktop,1,4,0,0
2025-01-05 20:25,4341.88,RU,Mobile,1,9,0,1
2025-02-04 23:41,301.69,US,Tablet,0,2,1,1
2025-01-18 14:23,3987.15,CN,Tablet,0,2,0,0
2025-01-12 22:00,124.26,RU,Mobile,1,1,0,1
2025-03-06 11:43,4856.62,RU,Mobile,1,7,0,0
2025-03-27 07:14,3077.67,CN,Tablet,0,7,0,0
2025-02-22 21:34,844.69,US,Desktop,1,1,0,0
2025-01-25 01:39,3846.53,DE,Mobile,1,10,1,1
2025-01-02 17:33,93.82,US,Tablet,1,9,0,0
2025-03-28 23:25,3601.67,CN,Desktop,1,3,1,0
2025-02-11 09:29,4965.93,CN,Tablet,1,4,0,0
2025-01-30 22:14,3150.98,DE,Mobile,0,10,0,0
2025-03-12 17:52,4895.68,DE,Mobile,1,1,0,1
2025-01-11 01:07,478.36,US,Mobile,0,10,1,0
2025-01-30 09:13,2559.66,CN,Tablet,1,6,0,0
2025-03-30 11:42,4127.24,CN,Tablet,1,7,0,0
2025-01-11 17:57,1745.04,IN,Mobile,1,3,0,1
2025-03-08 03:13,1701.72,IN,Tablet,0,7,1,0
2025-02-15 22:09,2293.3,US,Tablet,1,1,0,1
2025-02-28 00:44,3241.47,US,Desktop,0,2,1,1
2025-03-18 19:45,225.71,US,Mobile,0,7,0,0
2025-01-10 07:18,4605.23,IN,Tablet,1,2,0,1
2025-01-05 01:44,2476.16,IN,Tablet,1,2,1,1
2025-02-10 06:12,91.15,US,Tablet,1,8,0,1
2025-02-20 20:05,718.26,DE,Tablet,0,7,0,0
2025-03-20 01:08,4376.71,IN,Mobile,0,5,1,0
2025-03-17 01:18,1195.46,US,Tablet,1,8,1,0
2025-01-23 04:39,215.32,RU,Desktop,0,8,1,0
2025-01-04 14:11,3587.06,DE,Mobile,1,10,0,1
2025-01-28 04:25,2860.47,IN,Desktop,0,10,1,0
2025-02-15 04:26,3861.73,DE,Mobile,0,5,1,0
2025-03-01 10:11,4990.01,CN,Mobile,1,5,0,0
2025-02-20 00:34,195.57,DE,Mobile,1,9,1,1
2025-02-15 20:01,4406.54,RU,Tablet,1,7,0,0
2025-01-30 17:45,691.71,CN,Mobile,1,2,0,0
2025-01-05 22:17,2092.26,RU,Mobile,1,6,0,0
2025-02-12 07:06,3546.58,US,Mobile,0,6,0,0
2025-01-27 00:39,3654.2,CN,Mobile,0,5,1,1
2025-01-18 04:00,2591.7,CN,Mobile,1,1,1,1
2025-01-04 14:49,1141.25,RU,Tablet,0,7,0,0
2025-01-06 07:04,3715.42,IN,Mobile,0,6,0,0
2025-02-13 21:37,4680.75,RU,Mobile,0,3,0,1
2025-02-20 15:22,798.16,IN,Tablet,0,5,0,0
2025-01-08 05:55,4177.98,US,Mobile,1,1,1,1
2025-03-12 18:24,1194.72,RU,Tablet,1,3,0,1
2025-01-11 03:07,1434.71,RU,Mobile,1,3,1,1
2025-03-02 18:55,2861.9,IN,Desktop,0,10,0,0
2025-02-24 09:57,102.1,IN,Mobile,1,2,0,0
2025-03-31 02:02,1781.4,RU,Desktop,0,4,1,0
2025-03-30 04:36,2706.27,US,Tablet,0,2,1,0
2025-01-09 19:15,4914.41,RU,Tablet,0,8,0,0
2025-02-21 13:11,4693.13,CN,Tablet,0,3,0,0
2025-01-26 13:05,2597.12,US,Desktop,1,3,0,0
2025-03-31 03:51,2714.97,CN,Tablet,1,10,1,1
2025-03-23 09:14,3443.77,DE,Desktop,1,5,0,0
2025-03-22 15:39,1305.15,US,Mobile,1,5,0,1
2025-01-29 17:41,1067.45,IN,Desktop,0,6,0,0
2025-03-22 00:35,805.28,US,Desktop,1,7,1,0
2025-02-21 16:04,470.86,RU,Tablet,0,4,0,0
2025-01-08 02:55,2817.55,DE,Desktop,1,9,1,0
2025-02-08 02:18,1999.62,CN,Desktop,0,2,1,0
2025-01-13 18:10,3186.7,DE,Tablet,0,5,0,0
2025-01-16 03:55,4286.21,US,Tablet,0,9,1,0
2025-01-07 08:49,3248.91,DE,Desktop,0,10,0,0
2025-03-09 23:34,4851.04,US,Desktop,1,6,1,0
2025-01-25 17:40,1579.46,DE,Mobile,0,10,0,0
2025-01-31 22:40,3345.1,US,Mobile,0,7,0,0
2025-03-28 10:38,2982.25,CN,Mobile,1,3,0,0
2025-03-27 05:11,2482.75,CN,Tablet,0,3,1,0
2025-02-16 11:33,237.6,CN,Mobile,1,2,0,1
2025-01-03 12:17,3372.63,RU,Mobile,0,8,0,0
2025-01-26 02:56,4879.18,RU,Tablet,1,4,1,1
2025-02-02 20:37,589.54,US,Tablet,1,2,0,0
2025-02-13 09:00,4175.2,US,Mobile,0,1,0,1
2025-01-26 13:53,1120.3,DE,Mobile,0,7,0,0
2025-02-19 15:15,1960.37,CN,Mobile,1,5,0,0
2025-01-16 06:29,2169.71,IN,Mobile,1,5,0,0
2025-02-15 17:47,554.36,DE,Tablet,1,1,0,0
2025-03-15 16:32,168.27,US,Mobile,0,3,0,0
2025-03-06 12:10,1403.05,IN,Desktop,0,5,0,0
2025-02-27 00:08,1201.38,IN,Tablet,1,10,1,1
2025-03-28 12:03,13.43,RU,Desktop,0,8,0,0
2025-01-15 20:14,4902.43,RU,Mobile,0,4,0,1
2025-03-23 02:09,4159.73,DE,Desktop,0,1,1,0
2025-01-05 08:03,1515.26,RU,Tablet,1,8,0,1
2025-02-28 06:24,2043.43,IN,Desktop,0,5,0,0
2025-03-12 05:17,2022.84,CN,Mobile,1,8,1,0
2025-02-16 07:51,3830.29,US,Tablet,1,6,0,1
2025-02-02 15:21,2766.88,DE,Mobile,0,10,0,0
2025-01-15 14:06,827.94,US,Desktop,0,1,0,0
2025-01-03 15:48,1431.19,US,Desktop,1,5,0,0
2025-01-23 11:47,2873.51,CN,Tablet,0,8,0,1
2025-03-02 07:37,1116.16,IN,Desktop,0,8,0,0
2025-01-23 00:59,2911.9,IN,Desktop,0,4,1,0
2025-01-14 18:44,2953.77,RU,Tablet,0,3,0,0
2025-01-28 16:22,1826.75,US,Mobile,0,4,0,0
2025-02-19 09:53,1976.73,US,Tablet,0,5,0,0
2025-01-05 22:59,1658.9,DE,Mobile,0,5,0,0
2025-02-08 02:17,4027.75,IN,Desktop,1,7,1,1
2025-02-03 20:11,674.32,CN,Desktop,1,6,0,0
2025-03-05 23:31,3616.84,CN,Mobile,1,10,1,1
2025-01-12 01:11,3463.03,RU,Mobile,1,4,1,1
2025-01-24 16:57,2067.86,CN,Tablet,0,9,0,0
2025-03-04 10:59,1411.84,CN,Mobile,1,8,0,0
2025-02-12 11:27,3226.32,CN,Tablet,1,5,0,0
2025-02-06 01:12,2468.1,DE,Desktop,0,7,1,0
2025-02-01 06:03,2316.44,DE,Tablet,1,2,0,1
2025-01-15 06:27,796.0,IN,Mobile,1,3,0,1
2025-01-02 16:11,1022.72,IN,Mobile,0,6,0,0
2025-03-23 14:21,2657.79,US,Desktop,1,3,0,0
2025-03-02 08:45,3519.2,US,Tablet,1,9,0,1
2025-02-08 19:29,2511.65,RU,Desktop,0,6,0,0
2025-01-12 15:56,3695.02,DE,Mobile,1,1,0,0
2025-01-16 22:31,3417.56,US,Tablet,1,5,0,1
2025-03-22 03:54,3047.2,DE,Mobile,0,2,1,0
2025-03-10 22:10,4876.11,IN,Tablet,1,10,0,1
2025-03-10 15:07,3589.14,CN,Mobile,1,9,0,0
2025-03-08 22:20,1844.18,IN,Desktop,0,3,0,0
2025-03-05 17:25,2107.56,DE,Desktop,0,4,0,0
2025-02-18 15:42,327.68,US,Tablet,0,3,0,1
2025-02-12 15:41,4959.43,US,Mobile,0,6,0,0
2025-03-04 08:10,2126.16,US,Mobile,1,5,0,1
2025-03-06 05:18,3539.49,DE,Desktop,0,7,1,1
2025-01-21 18:07,2598.26,IN,Desktop,1,4,0,1
2025-01-10 18:28,2603.7,CN,Tablet,0,7,0,0
2025-03-08 23:33,572.24,US,Mobile,1,1,1,0
2025-03-28 03:09,2264.39,US,Desktop,0,7,1,0
2025-03-18 08:16,3557.19,US,Desktop,0,4,0,1
2025-02-08 12:22,3642.42,CN,Desktop,1,2,0,0
2025-02-23 01:11,2346.37,CN,Desktop,0,7,1,0
2025-03-19 06:07,2173.66,CN,Mobile,0,1,0,0
2025-01-13 20:01,2488.76,CN,Desktop,0,10,0,0
2025-02-18 06:52,4165.38,US,Mobile,0,7,0,0
2025-02-08 23:39,2580.46,IN,Tablet,1,2,1,0
2025-03-14 00:39,4114.23,RU,Tablet,0,7,1,1
